{"cameraMode":{"drawMode":0,"name":"Shaded","section":"Shading Mode"},"sceneLighting":true,"audioPlay":false,"sceneViewState":{"showFog":true,"showMaterialUpdate":false,"showSkybox":true,"showFlares":true,"showImageEffects":true,"showParticleSystems":true},"in2DMode":false,"pivot":{"x":1.8614883422851563,"y":1.3612627983093262,"z":-0.1336040496826172},"rotation":{"x":-0.12715399265289308,"y":-0.0041695935651659969,"z":0.0005344942910596728,"w":-0.9918741583824158},"size":10.162347793579102,"orthographic":false}