{"cameraMode":{"drawMode":0,"name":"Shaded","section":"Shading Mode"},"sceneLighting":true,"audioPlay":false,"sceneViewState":{"showFog":true,"showMaterialUpdate":false,"showSkybox":true,"showFlares":true,"showImageEffects":true,"showParticleSystems":true},"in2DMode":false,"pivot":{"x":0.2706298828125,"y":2.5419921875,"z":0.525390625},"rotation":{"x":-0.2495899200439453,"y":-0.020387135446071626,"z":0.005003104917705059,"w":-0.9681240916252136},"size":14.286111831665039,"orthographic":true}