{"cameraMode":{"drawMode":0,"name":"Shaded","section":"Shading Mode"},"sceneLighting":true,"audioPlay":false,"sceneViewState":{"showFog":true,"showMaterialUpdate":false,"showSkybox":true,"showFlares":true,"showImageEffects":true,"showParticleSystems":true},"in2DMode":false,"pivot":{"x":2.490032434463501,"y":1.7507777214050294,"z":-1.6607725620269776},"rotation":{"x":-0.06468172371387482,"y":0.7251294255256653,"z":-0.06912388652563095,"w":-0.6820743680000305},"size":3.309333562850952,"orthographic":true}